time,k_xx,k_yy,k_zz
0,0,0,0
1,0.70351214857378,0.70342017619446,0.70137953994898

